{"Trump": 249.95833333333337, "Harris": 288.0416666666667}