{"Trump": 281.66666666666663, "Harris": 256.3333333333333}