{"Trump": 247.20833333333331, "Harris": 290.79166666666663}