{"Trump": 252.70833333333337, "Harris": 285.2916666666667}