{"Trump": 244.45833333333334, "Harris": 293.5416666666667}