{"Trump": 245.83333333333334, "Harris": 292.16666666666663}