{"Trump": 254.08333333333334, "Harris": 283.91666666666663}