{"Trump": 246.29166666666666, "Harris": 291.70833333333337}