{"Trump": 251.79166666666666, "Harris": 286.2083333333333}