{"Trump": 254.54166666666666, "Harris": 283.45833333333337}