{"Trump": 250.41666666666666, "Harris": 287.5833333333333}