{"Trump": 247.66666666666669, "Harris": 290.33333333333337}