{"Trump": 253.16666666666666, "Harris": 284.83333333333337}