{"Trump": 284.3333333333333, "Harris": 253.66666666666666}