{"Trump": 283.66666666666663, "Harris": 254.33333333333331}