{"Trump": 279.6666666666667, "Harris": 258.3333333333333}