{"Trump": 280.3333333333333, "Harris": 257.6666666666667}