{"Trump": 244.91666666666666, "Harris": 293.08333333333337}