{"Trump": 282.33333333333337, "Harris": 255.66666666666669}