{"Trump": 249.04166666666669, "Harris": 288.95833333333337}