{"Trump": 251.33333333333337, "Harris": 286.6666666666667}