{"Trump": 248.58333333333331, "Harris": 289.41666666666663}